{"filter":false,"title":"insulin.json","tooltip":"/files /insulin.json","ace":{"folds":[],"scrolltop":41,"scrollleft":0,"selection":{"start":{"row":31,"column":0},"end":{"row":31,"column":0},"isBackwards":false},"options":{"guessTabSize":true,"useWrapMode":false,"wrapToView":true},"firstLineState":0},"hash":"a084ff0771c8b10a94cec8d217261592e39b19c6","undoManager":{"mark":10,"position":10,"stack":[[{"start":{"row":0,"column":0},"end":{"row":30,"column":1},"action":"insert","lines":["{","   \"molecules\":{","      \"lsInsulin\":\"malwmrllpllallalwgpdpaaa\",","      \"bInsulin\":\"fvnqhlcgshlvealylvcgergffytpkt\",","      \"aInsulin\":\"giveqcctsicslyqlenycn\",","      \"cInsulin\":\"rreaedlqvgqvelgggpgagslqplalegslqkr\"","   },","   \"weights\":{","      \"A\":89.09,","      \"C\":121.16,","      \"D\":133.10,","      \"E\":147.13,","      \"F\":165.19,","      \"G\":75.07,","      \"H\":155.16,","      \"I\":131.17,","      \"K\":146.19,","      \"L\":131.17,","      \"M\":149.21,","      \"N\":132.12,","      \"P\":115.13,","      \"Q\":146.15,","      \"R\":174.20,","      \"S\":105.09,","      \"T\":119.12,","      \"V\":117.15,","      \"W\":204.23,","      \"Y\":181.19","   },","   \"molecularWeightInsulinActual\":5807.63","}"],"id":1}],[{"start":{"row":30,"column":1},"end":{"row":31,"column":0},"action":"insert","lines":["",""],"id":2}],[{"start":{"row":31,"column":0},"end":{"row":40,"column":15},"action":"insert","lines":["import json","","def readJsonFile(fileName):","    data = \"\"","    try:","        with open(fileName) as json_file:","            data = json.load(json_file)","    except IOError:","        print(\"Could not read file\")","    return data"],"id":3}],[{"start":{"row":40,"column":14},"end":{"row":40,"column":15},"action":"remove","lines":["a"],"id":4},{"start":{"row":40,"column":13},"end":{"row":40,"column":14},"action":"remove","lines":["t"]},{"start":{"row":40,"column":12},"end":{"row":40,"column":13},"action":"remove","lines":["a"]},{"start":{"row":40,"column":11},"end":{"row":40,"column":12},"action":"remove","lines":["d"]},{"start":{"row":40,"column":10},"end":{"row":40,"column":11},"action":"remove","lines":[" "]},{"start":{"row":40,"column":9},"end":{"row":40,"column":10},"action":"remove","lines":["n"]},{"start":{"row":40,"column":8},"end":{"row":40,"column":9},"action":"remove","lines":["r"]},{"start":{"row":40,"column":7},"end":{"row":40,"column":8},"action":"remove","lines":["u"]},{"start":{"row":40,"column":6},"end":{"row":40,"column":7},"action":"remove","lines":["t"]},{"start":{"row":40,"column":5},"end":{"row":40,"column":6},"action":"remove","lines":["e"]},{"start":{"row":40,"column":4},"end":{"row":40,"column":5},"action":"remove","lines":["r"]},{"start":{"row":40,"column":3},"end":{"row":40,"column":4},"action":"remove","lines":[" "]},{"start":{"row":40,"column":0},"end":{"row":40,"column":3},"action":"remove","lines":["   "]},{"start":{"row":39,"column":36},"end":{"row":40,"column":0},"action":"remove","lines":["",""]},{"start":{"row":39,"column":35},"end":{"row":39,"column":36},"action":"remove","lines":[")"]},{"start":{"row":39,"column":34},"end":{"row":39,"column":35},"action":"remove","lines":["\""]},{"start":{"row":39,"column":33},"end":{"row":39,"column":34},"action":"remove","lines":["e"]},{"start":{"row":39,"column":32},"end":{"row":39,"column":33},"action":"remove","lines":["l"]},{"start":{"row":39,"column":31},"end":{"row":39,"column":32},"action":"remove","lines":["i"]},{"start":{"row":39,"column":30},"end":{"row":39,"column":31},"action":"remove","lines":["f"]},{"start":{"row":39,"column":29},"end":{"row":39,"column":30},"action":"remove","lines":[" "]},{"start":{"row":39,"column":28},"end":{"row":39,"column":29},"action":"remove","lines":["d"]},{"start":{"row":39,"column":27},"end":{"row":39,"column":28},"action":"remove","lines":["a"]},{"start":{"row":39,"column":26},"end":{"row":39,"column":27},"action":"remove","lines":["e"]},{"start":{"row":39,"column":25},"end":{"row":39,"column":26},"action":"remove","lines":["r"]},{"start":{"row":39,"column":24},"end":{"row":39,"column":25},"action":"remove","lines":[" "]},{"start":{"row":39,"column":23},"end":{"row":39,"column":24},"action":"remove","lines":["t"]},{"start":{"row":39,"column":22},"end":{"row":39,"column":23},"action":"remove","lines":["o"]},{"start":{"row":39,"column":21},"end":{"row":39,"column":22},"action":"remove","lines":["n"]},{"start":{"row":39,"column":20},"end":{"row":39,"column":21},"action":"remove","lines":[" "]},{"start":{"row":39,"column":19},"end":{"row":39,"column":20},"action":"remove","lines":["d"]},{"start":{"row":39,"column":18},"end":{"row":39,"column":19},"action":"remove","lines":["l"]},{"start":{"row":39,"column":17},"end":{"row":39,"column":18},"action":"remove","lines":["u"]},{"start":{"row":39,"column":16},"end":{"row":39,"column":17},"action":"remove","lines":["o"]},{"start":{"row":39,"column":15},"end":{"row":39,"column":16},"action":"remove","lines":["C"]},{"start":{"row":39,"column":14},"end":{"row":39,"column":15},"action":"remove","lines":["\""]},{"start":{"row":39,"column":13},"end":{"row":39,"column":14},"action":"remove","lines":["("]},{"start":{"row":39,"column":12},"end":{"row":39,"column":13},"action":"remove","lines":["t"]},{"start":{"row":39,"column":11},"end":{"row":39,"column":12},"action":"remove","lines":["n"]},{"start":{"row":39,"column":10},"end":{"row":39,"column":11},"action":"remove","lines":["i"]},{"start":{"row":39,"column":9},"end":{"row":39,"column":10},"action":"remove","lines":["r"]},{"start":{"row":39,"column":8},"end":{"row":39,"column":9},"action":"remove","lines":["p"]},{"start":{"row":39,"column":7},"end":{"row":39,"column":8},"action":"remove","lines":[" "]},{"start":{"row":39,"column":6},"end":{"row":39,"column":7},"action":"remove","lines":[" "]},{"start":{"row":39,"column":3},"end":{"row":39,"column":6},"action":"remove","lines":["   "]},{"start":{"row":39,"column":0},"end":{"row":39,"column":3},"action":"remove","lines":["   "]},{"start":{"row":38,"column":19},"end":{"row":39,"column":0},"action":"remove","lines":["",""]},{"start":{"row":38,"column":18},"end":{"row":38,"column":19},"action":"remove","lines":[":"]},{"start":{"row":38,"column":17},"end":{"row":38,"column":18},"action":"remove","lines":["r"]}],[{"start":{"row":38,"column":16},"end":{"row":38,"column":17},"action":"remove","lines":["o"],"id":5},{"start":{"row":38,"column":15},"end":{"row":38,"column":16},"action":"remove","lines":["r"]},{"start":{"row":38,"column":14},"end":{"row":38,"column":15},"action":"remove","lines":["r"]},{"start":{"row":38,"column":13},"end":{"row":38,"column":14},"action":"remove","lines":["E"]},{"start":{"row":38,"column":12},"end":{"row":38,"column":13},"action":"remove","lines":["O"]},{"start":{"row":38,"column":11},"end":{"row":38,"column":12},"action":"remove","lines":["I"]},{"start":{"row":38,"column":10},"end":{"row":38,"column":11},"action":"remove","lines":[" "]},{"start":{"row":38,"column":9},"end":{"row":38,"column":10},"action":"remove","lines":["t"]},{"start":{"row":38,"column":8},"end":{"row":38,"column":9},"action":"remove","lines":["p"]},{"start":{"row":38,"column":7},"end":{"row":38,"column":8},"action":"remove","lines":["e"]},{"start":{"row":38,"column":6},"end":{"row":38,"column":7},"action":"remove","lines":["c"]},{"start":{"row":38,"column":5},"end":{"row":38,"column":6},"action":"remove","lines":["x"]},{"start":{"row":38,"column":4},"end":{"row":38,"column":5},"action":"remove","lines":["e"]},{"start":{"row":38,"column":3},"end":{"row":38,"column":4},"action":"remove","lines":[" "]},{"start":{"row":38,"column":0},"end":{"row":38,"column":3},"action":"remove","lines":["   "]},{"start":{"row":37,"column":39},"end":{"row":38,"column":0},"action":"remove","lines":["",""]},{"start":{"row":37,"column":38},"end":{"row":37,"column":39},"action":"remove","lines":[")"]},{"start":{"row":37,"column":37},"end":{"row":37,"column":38},"action":"remove","lines":["e"]},{"start":{"row":37,"column":36},"end":{"row":37,"column":37},"action":"remove","lines":["l"]},{"start":{"row":37,"column":35},"end":{"row":37,"column":36},"action":"remove","lines":["i"]},{"start":{"row":37,"column":34},"end":{"row":37,"column":35},"action":"remove","lines":["f"]},{"start":{"row":37,"column":33},"end":{"row":37,"column":34},"action":"remove","lines":["_"]},{"start":{"row":37,"column":32},"end":{"row":37,"column":33},"action":"remove","lines":["n"]},{"start":{"row":37,"column":31},"end":{"row":37,"column":32},"action":"remove","lines":["o"]},{"start":{"row":37,"column":30},"end":{"row":37,"column":31},"action":"remove","lines":["s"]},{"start":{"row":37,"column":29},"end":{"row":37,"column":30},"action":"remove","lines":["j"]},{"start":{"row":37,"column":28},"end":{"row":37,"column":29},"action":"remove","lines":["("]}],[{"start":{"row":37,"column":27},"end":{"row":37,"column":28},"action":"remove","lines":["d"],"id":6},{"start":{"row":37,"column":26},"end":{"row":37,"column":27},"action":"remove","lines":["a"]},{"start":{"row":37,"column":25},"end":{"row":37,"column":26},"action":"remove","lines":["o"]},{"start":{"row":37,"column":24},"end":{"row":37,"column":25},"action":"remove","lines":["l"]},{"start":{"row":37,"column":23},"end":{"row":37,"column":24},"action":"remove","lines":["."]},{"start":{"row":37,"column":22},"end":{"row":37,"column":23},"action":"remove","lines":["n"]},{"start":{"row":37,"column":21},"end":{"row":37,"column":22},"action":"remove","lines":["o"]},{"start":{"row":37,"column":20},"end":{"row":37,"column":21},"action":"remove","lines":["s"]},{"start":{"row":37,"column":19},"end":{"row":37,"column":20},"action":"remove","lines":["j"]},{"start":{"row":37,"column":18},"end":{"row":37,"column":19},"action":"remove","lines":[" "]},{"start":{"row":37,"column":17},"end":{"row":37,"column":18},"action":"remove","lines":["="]},{"start":{"row":37,"column":16},"end":{"row":37,"column":17},"action":"remove","lines":[" "]},{"start":{"row":37,"column":15},"end":{"row":37,"column":16},"action":"remove","lines":["a"]},{"start":{"row":37,"column":14},"end":{"row":37,"column":15},"action":"remove","lines":["t"]},{"start":{"row":37,"column":13},"end":{"row":37,"column":14},"action":"remove","lines":["a"]},{"start":{"row":37,"column":12},"end":{"row":37,"column":13},"action":"remove","lines":["d"]},{"start":{"row":37,"column":9},"end":{"row":37,"column":12},"action":"remove","lines":["   "]},{"start":{"row":37,"column":6},"end":{"row":37,"column":9},"action":"remove","lines":["   "]},{"start":{"row":37,"column":3},"end":{"row":37,"column":6},"action":"remove","lines":["   "]},{"start":{"row":37,"column":0},"end":{"row":37,"column":3},"action":"remove","lines":["   "]},{"start":{"row":36,"column":41},"end":{"row":37,"column":0},"action":"remove","lines":["",""]},{"start":{"row":36,"column":40},"end":{"row":36,"column":41},"action":"remove","lines":[":"]},{"start":{"row":36,"column":39},"end":{"row":36,"column":40},"action":"remove","lines":["e"]},{"start":{"row":36,"column":38},"end":{"row":36,"column":39},"action":"remove","lines":["l"]},{"start":{"row":36,"column":37},"end":{"row":36,"column":38},"action":"remove","lines":["i"]},{"start":{"row":36,"column":36},"end":{"row":36,"column":37},"action":"remove","lines":["f"]},{"start":{"row":36,"column":35},"end":{"row":36,"column":36},"action":"remove","lines":["_"]},{"start":{"row":36,"column":34},"end":{"row":36,"column":35},"action":"remove","lines":["n"]},{"start":{"row":36,"column":33},"end":{"row":36,"column":34},"action":"remove","lines":["o"]},{"start":{"row":36,"column":32},"end":{"row":36,"column":33},"action":"remove","lines":["s"]},{"start":{"row":36,"column":31},"end":{"row":36,"column":32},"action":"remove","lines":["j"]},{"start":{"row":36,"column":30},"end":{"row":36,"column":31},"action":"remove","lines":[" "]},{"start":{"row":36,"column":29},"end":{"row":36,"column":30},"action":"remove","lines":["s"]},{"start":{"row":36,"column":28},"end":{"row":36,"column":29},"action":"remove","lines":["a"]},{"start":{"row":36,"column":27},"end":{"row":36,"column":28},"action":"remove","lines":[" "]},{"start":{"row":36,"column":26},"end":{"row":36,"column":27},"action":"remove","lines":[")"]},{"start":{"row":36,"column":25},"end":{"row":36,"column":26},"action":"remove","lines":["e"]},{"start":{"row":36,"column":24},"end":{"row":36,"column":25},"action":"remove","lines":["m"]}],[{"start":{"row":36,"column":23},"end":{"row":36,"column":24},"action":"remove","lines":["a"],"id":7},{"start":{"row":36,"column":22},"end":{"row":36,"column":23},"action":"remove","lines":["N"]},{"start":{"row":36,"column":21},"end":{"row":36,"column":22},"action":"remove","lines":["e"]},{"start":{"row":36,"column":20},"end":{"row":36,"column":21},"action":"remove","lines":["l"]},{"start":{"row":36,"column":19},"end":{"row":36,"column":20},"action":"remove","lines":["i"]},{"start":{"row":36,"column":18},"end":{"row":36,"column":19},"action":"remove","lines":["f"]},{"start":{"row":36,"column":17},"end":{"row":36,"column":18},"action":"remove","lines":["("]},{"start":{"row":36,"column":16},"end":{"row":36,"column":17},"action":"remove","lines":["n"]},{"start":{"row":36,"column":15},"end":{"row":36,"column":16},"action":"remove","lines":["e"]},{"start":{"row":36,"column":14},"end":{"row":36,"column":15},"action":"remove","lines":["p"]},{"start":{"row":36,"column":13},"end":{"row":36,"column":14},"action":"remove","lines":["o"]},{"start":{"row":36,"column":12},"end":{"row":36,"column":13},"action":"remove","lines":[" "]},{"start":{"row":36,"column":11},"end":{"row":36,"column":12},"action":"remove","lines":["h"]},{"start":{"row":36,"column":10},"end":{"row":36,"column":11},"action":"remove","lines":["t"]},{"start":{"row":36,"column":9},"end":{"row":36,"column":10},"action":"remove","lines":["i"]},{"start":{"row":36,"column":8},"end":{"row":36,"column":9},"action":"remove","lines":["w"]},{"start":{"row":36,"column":7},"end":{"row":36,"column":8},"action":"remove","lines":[" "]},{"start":{"row":36,"column":6},"end":{"row":36,"column":7},"action":"remove","lines":[" "]},{"start":{"row":36,"column":3},"end":{"row":36,"column":6},"action":"remove","lines":["   "]},{"start":{"row":36,"column":0},"end":{"row":36,"column":3},"action":"remove","lines":["   "]},{"start":{"row":35,"column":8},"end":{"row":36,"column":0},"action":"remove","lines":["",""]},{"start":{"row":35,"column":7},"end":{"row":35,"column":8},"action":"remove","lines":[":"]},{"start":{"row":35,"column":6},"end":{"row":35,"column":7},"action":"remove","lines":["y"]},{"start":{"row":35,"column":5},"end":{"row":35,"column":6},"action":"remove","lines":["r"]},{"start":{"row":35,"column":4},"end":{"row":35,"column":5},"action":"remove","lines":["t"]},{"start":{"row":35,"column":3},"end":{"row":35,"column":4},"action":"remove","lines":[" "]},{"start":{"row":35,"column":0},"end":{"row":35,"column":3},"action":"remove","lines":["   "]},{"start":{"row":34,"column":13},"end":{"row":35,"column":0},"action":"remove","lines":["",""]},{"start":{"row":34,"column":12},"end":{"row":34,"column":13},"action":"remove","lines":["\""]}],[{"start":{"row":34,"column":11},"end":{"row":34,"column":12},"action":"remove","lines":["\""],"id":8},{"start":{"row":34,"column":10},"end":{"row":34,"column":11},"action":"remove","lines":[" "]},{"start":{"row":34,"column":9},"end":{"row":34,"column":10},"action":"remove","lines":["="]},{"start":{"row":34,"column":8},"end":{"row":34,"column":9},"action":"remove","lines":[" "]},{"start":{"row":34,"column":7},"end":{"row":34,"column":8},"action":"remove","lines":["a"]},{"start":{"row":34,"column":6},"end":{"row":34,"column":7},"action":"remove","lines":["t"]},{"start":{"row":34,"column":5},"end":{"row":34,"column":6},"action":"remove","lines":["a"]},{"start":{"row":34,"column":4},"end":{"row":34,"column":5},"action":"remove","lines":["d"]},{"start":{"row":34,"column":3},"end":{"row":34,"column":4},"action":"remove","lines":[" "]},{"start":{"row":34,"column":0},"end":{"row":34,"column":3},"action":"remove","lines":["   "]},{"start":{"row":33,"column":27},"end":{"row":34,"column":0},"action":"remove","lines":["",""]},{"start":{"row":33,"column":26},"end":{"row":33,"column":27},"action":"remove","lines":[":"]},{"start":{"row":33,"column":25},"end":{"row":33,"column":26},"action":"remove","lines":[")"]}],[{"start":{"row":33,"column":24},"end":{"row":33,"column":25},"action":"remove","lines":["e"],"id":9},{"start":{"row":33,"column":23},"end":{"row":33,"column":24},"action":"remove","lines":["m"]},{"start":{"row":33,"column":22},"end":{"row":33,"column":23},"action":"remove","lines":["a"]},{"start":{"row":33,"column":21},"end":{"row":33,"column":22},"action":"remove","lines":["N"]},{"start":{"row":33,"column":20},"end":{"row":33,"column":21},"action":"remove","lines":["e"]},{"start":{"row":33,"column":19},"end":{"row":33,"column":20},"action":"remove","lines":["l"]},{"start":{"row":33,"column":18},"end":{"row":33,"column":19},"action":"remove","lines":["i"]},{"start":{"row":33,"column":17},"end":{"row":33,"column":18},"action":"remove","lines":["f"]},{"start":{"row":33,"column":16},"end":{"row":33,"column":17},"action":"remove","lines":["("]},{"start":{"row":33,"column":15},"end":{"row":33,"column":16},"action":"remove","lines":["e"]},{"start":{"row":33,"column":14},"end":{"row":33,"column":15},"action":"remove","lines":["l"]},{"start":{"row":33,"column":13},"end":{"row":33,"column":14},"action":"remove","lines":["i"]},{"start":{"row":33,"column":12},"end":{"row":33,"column":13},"action":"remove","lines":["F"]},{"start":{"row":33,"column":11},"end":{"row":33,"column":12},"action":"remove","lines":["n"]},{"start":{"row":33,"column":10},"end":{"row":33,"column":11},"action":"remove","lines":["o"]},{"start":{"row":33,"column":9},"end":{"row":33,"column":10},"action":"remove","lines":["s"]},{"start":{"row":33,"column":8},"end":{"row":33,"column":9},"action":"remove","lines":["J"]},{"start":{"row":33,"column":7},"end":{"row":33,"column":8},"action":"remove","lines":["d"]},{"start":{"row":33,"column":6},"end":{"row":33,"column":7},"action":"remove","lines":["a"]},{"start":{"row":33,"column":5},"end":{"row":33,"column":6},"action":"remove","lines":["e"]},{"start":{"row":33,"column":4},"end":{"row":33,"column":5},"action":"remove","lines":["r"]},{"start":{"row":33,"column":3},"end":{"row":33,"column":4},"action":"remove","lines":[" "]},{"start":{"row":33,"column":2},"end":{"row":33,"column":3},"action":"remove","lines":["f"]},{"start":{"row":33,"column":1},"end":{"row":33,"column":2},"action":"remove","lines":["e"]},{"start":{"row":33,"column":0},"end":{"row":33,"column":1},"action":"remove","lines":["d"]}],[{"start":{"row":32,"column":0},"end":{"row":33,"column":0},"action":"remove","lines":["",""],"id":10},{"start":{"row":31,"column":11},"end":{"row":32,"column":0},"action":"remove","lines":["",""]},{"start":{"row":31,"column":10},"end":{"row":31,"column":11},"action":"remove","lines":["n"]},{"start":{"row":31,"column":9},"end":{"row":31,"column":10},"action":"remove","lines":["o"]},{"start":{"row":31,"column":8},"end":{"row":31,"column":9},"action":"remove","lines":["s"]},{"start":{"row":31,"column":7},"end":{"row":31,"column":8},"action":"remove","lines":["j"]},{"start":{"row":31,"column":6},"end":{"row":31,"column":7},"action":"remove","lines":[" "]},{"start":{"row":31,"column":5},"end":{"row":31,"column":6},"action":"remove","lines":["t"]},{"start":{"row":31,"column":4},"end":{"row":31,"column":5},"action":"remove","lines":["r"]},{"start":{"row":31,"column":3},"end":{"row":31,"column":4},"action":"remove","lines":["o"]},{"start":{"row":31,"column":2},"end":{"row":31,"column":3},"action":"remove","lines":["p"]},{"start":{"row":31,"column":1},"end":{"row":31,"column":2},"action":"remove","lines":["m"]}],[{"start":{"row":31,"column":0},"end":{"row":31,"column":1},"action":"remove","lines":["i"],"id":11}]]},"timestamp":1730292992742}